INSERT INTO valuation.valuation_unit_type(code, name, description, status, vunit_category_code) VALUES ('genericLand', 'Generic Valuation Land','Land used for general valuation without specific purpose use','a', 'parcel');

INSERT INTO preparation.tech_parameter(code, name, type, description, is_active, is_mandatory, is_virtual) VALUES ('rec_Area','Rec_Area','Real','Diện tích hình chữ nhật nhỏ nhất ngoại tiếp thửa đất.',true,true,false);
INSERT INTO preparation.tech_parameter(code, name, type, description, is_active, is_mandatory, is_virtual) VALUES ('con_Area','Con_Area','Real','Diện tích hình bao lồi (Convex hull).',true,true,false);
INSERT INTO preparation.tech_parameter(code, name, type, description, is_active, is_mandatory, is_virtual) VALUES ('eff_Ratio','Eff_Ratio','Real','Tỷ lệ diện tích hiệu dụng. Là tỷ lệ giữa diện tích của thửa đất với diện tích của hình chữ nhật ngoại tiếp nhỏ nhất.',true,true,false);
INSERT INTO preparation.tech_parameter(code, name, type, description, is_active, is_mandatory, is_virtual) VALUES ('con_Ratio','Con_Ratio','Real','Chỉ số độ cong. Là tỷ lệ giữa diện tích của thửa đất với diện tích của hình bao lồi.',true,true,false);
INSERT INTO preparation.tech_parameter(code, name, type, description, is_active, is_mandatory, is_virtual) VALUES ('cnt_bld_co','Cnt_bld_co','Integer','Số tòa nhà xây dựng trên thửa đất.',true,true,false);
INSERT INTO preparation.tech_parameter(code, name, type, description, is_active, is_mandatory, is_virtual) VALUES ('area_bld_c','Area_bld_c','Real','Tổng diện tích các tòa nhà xây dựng trên thửa đất.',true,true,false);
INSERT INTO preparation.tech_parameter(code, name, type, description, is_active, is_mandatory, is_virtual) VALUES ('rd100_Pave','rd100_Pave','Boolean','Tuyến đường trục chính gần nhất đã cứng hóa chưa. As True/Yes: đã cứng hóa, False/No: chưa.',true,true,false);
INSERT INTO preparation.tech_parameter(code, name, type, description, is_active, is_mandatory, is_virtual) VALUES ('rd100_Ele','rd100_Ele','Real','Cao độ của đường nhất trục chính gần.',true,true,false);
INSERT INTO preparation.tech_parameter(code, name, type, description, is_active, is_mandatory, is_virtual) VALUES ('rd100_dst','rd100_dst','Real','Khoảng cách từ thửa đất đến đường trục chính gần nhất.',true,true,false);
INSERT INTO preparation.tech_parameter(code, name, type, description, is_active, is_mandatory, is_virtual) VALUES ('feat100X','feat100X','Real','Tọa độ X của thửa đất ở điểm gần đường trục chính nhất.',true,true,true);
INSERT INTO preparation.tech_parameter(code, name, type, description, is_active, is_mandatory, is_virtual) VALUES ('feat100Y','feat100Y','Real','Tọa độ Y của thửa đất ở điểm gần đường trục chính nhất.',true,true,true);
INSERT INTO preparation.tech_parameter(code, name, type, description, is_active, is_mandatory, is_virtual) VALUES ('near100X','near100X','Real','Tọa độ X của đường trục chính ở điểm gần thửa đất nhất.',true,true,true);
INSERT INTO preparation.tech_parameter(code, name, type, description, is_active, is_mandatory, is_virtual) VALUES ('near100Y','near100Y','Real','Tọa độ Y của đường trục chính ở điểm gần thửa đất nhất.',true,true,true);
INSERT INTO preparation.tech_parameter(code, name, type, description, is_active, is_mandatory, is_virtual) VALUES ('rd200_Pave','rd200_Pave','Boolean','Tuyến đường trục phụ gần nhất đã cứng hóa chưa. As True/Yes: đã cứng hóa, False/No: chưa.',true,true,false);
INSERT INTO preparation.tech_parameter(code, name, type, description, is_active, is_mandatory, is_virtual) VALUES ('rd200_Ele','rd200_Ele','Real','Cao độ của đường nhất trục phụ gần.',true,true,false);
INSERT INTO preparation.tech_parameter(code, name, type, description, is_active, is_mandatory, is_virtual) VALUES ('rd200_dst','rd200_dst','Real','Khoảng cách từ thửa đất đến đường trục phụ gần nhất.',true,true,false);
INSERT INTO preparation.tech_parameter(code, name, type, description, is_active, is_mandatory, is_virtual) VALUES ('feat200X','feat200X','Real','Tọa độ X của thửa đất ở điểm gần đường trục phụ nhất.',true,true,true);
INSERT INTO preparation.tech_parameter(code, name, type, description, is_active, is_mandatory, is_virtual) VALUES ('feat200Y','feat200Y','Real','Tọa độ Y của thửa đất tại điểm gần đường trục phụ nhất.',true,true,true);
INSERT INTO preparation.tech_parameter(code, name, type, description, is_active, is_mandatory, is_virtual) VALUES ('near200X','near200X','Real','Tọa độ X của đường trục phụ tại điểm gần nhất với thửa đất.',true,true,true);
INSERT INTO preparation.tech_parameter(code, name, type, description, is_active, is_mandatory, is_virtual) VALUES ('near200Y','near200Y','Real','Tọa độ Y của đường trục phụ tại điểm gần nhất với thửa đất.',true,true,true);
INSERT INTO preparation.tech_parameter(code, name, type, description, is_active, is_mandatory, is_virtual) VALUES ('rd300_Pave','rd300_Pave','Boolean','Đường làng gần nhất đã cứng hóa chưa. As True/Yes: đã cứng hóa, False/No: chưa.',true,true,false);
INSERT INTO preparation.tech_parameter(code, name, type, description, is_active, is_mandatory, is_virtual) VALUES ('rd300_Ele','rd300_Ele','Real','Cao độ của đường làng gần nhất.',true,true,false);
INSERT INTO preparation.tech_parameter(code, name, type, description, is_active, is_mandatory, is_virtual) VALUES ('rd300_dst','rd300_dst','Real','Khoảng cách đến nhấtđường làng gần.',true,true,false);
INSERT INTO preparation.tech_parameter(code, name, type, description, is_active, is_mandatory, is_virtual) VALUES ('feat300X','feat300X','Real','Tọa độ X của thửa đất tại điểm gần với đường làng nhất.',true,true,true);
INSERT INTO preparation.tech_parameter(code, name, type, description, is_active, is_mandatory, is_virtual) VALUES ('feat300Y','feat300Y','Real','Tọa độ Y của thửa đất tại điểm gần với đường làng nhất.',true,true,true);
INSERT INTO preparation.tech_parameter(code, name, type, description, is_active, is_mandatory, is_virtual) VALUES ('near300X','near300X','Real','Tọa độ X của đường làng tại điểm gần với thửa đất nhất.',true,true,true);
INSERT INTO preparation.tech_parameter(code, name, type, description, is_active, is_mandatory, is_virtual) VALUES ('near300Y','near300Y','Real','Tọa độ Y của đường làng tại điểm gần với thửa đất nhất.',true,true,true);
INSERT INTO preparation.tech_parameter(code, name, type, description, is_active, is_mandatory, is_virtual) VALUES ('rd400_Pave','rd400_Pave','Boolean','Đường khác gần với thửa đất nhất đã được cứng hóa chưa. As True/Yes: đã cứng hóa, False/No: chưa.',true,true,false);
INSERT INTO preparation.tech_parameter(code, name, type, description, is_active, is_mandatory, is_virtual) VALUES ('rd400_Ele','rd400_Ele','Real','Cao độ của tuyến đường khác gần nhất.',true,true,false);
INSERT INTO preparation.tech_parameter(code, name, type, description, is_active, is_mandatory, is_virtual) VALUES ('rd400_dst','rd400_dst','Real','Khoảng cách từ thửa đất đến tuyến đường khác gần nhất.',true,true,false);
INSERT INTO preparation.tech_parameter(code, name, type, description, is_active, is_mandatory, is_virtual) VALUES ('feat400X','feat400X','Real','Tọa độ X của thửa đất tại điểm gần với đường khác nhất.',true,true,true);
INSERT INTO preparation.tech_parameter(code, name, type, description, is_active, is_mandatory, is_virtual) VALUES ('feat400Y','feat400Y','Real','Tọa độ Y của thửa đất tại điểm gần với đường khác nhất.',true,true,true);
INSERT INTO preparation.tech_parameter(code, name, type, description, is_active, is_mandatory, is_virtual) VALUES ('near400X','near400X','Real','Tọa độ X của đường khác tại điểm gần với thửa đất nhất.',true,true,true);
INSERT INTO preparation.tech_parameter(code, name, type, description, is_active, is_mandatory, is_virtual) VALUES ('near400Y','near400Y','Real','Tọa độ X của đường khác tại điểm gần với thửa đất nhất.',true,true,true);
INSERT INTO preparation.tech_parameter(code, name, type, description, is_active, is_mandatory, is_virtual) VALUES ('obj_ID','obj_ID','Integer','ID đơn giản phục vụ phân tích không gian.',true,true,true);
INSERT INTO preparation.tech_parameter(code, name, type, description, is_active, is_mandatory, is_virtual) VALUES ('roadDst', 'RoadDst','Real','Khoảng cách từ thửa đất đến con đường gần nhất.',true,true,false);
INSERT INTO preparation.tech_parameter(code, name, type, description, is_active, is_mandatory, is_virtual) VALUES ('roadCls','RoadCls','Integer','Phân cấp của đường nhất gần với thửa đất. As 100: đường trục chính, 200: đường trục phụ, 300: đường làng, 400: đường khác.',true,true,false);
INSERT INTO preparation.tech_parameter(code, name, type, description, is_active, is_mandatory, is_virtual) VALUES ('pave','Pave','Boolean','Tuyến đường gần thửa đất nhất đã cứng hóa chưa. As True/Yes: đã cứng hóa, False/No: chưa.',true,true,false);
INSERT INTO preparation.tech_parameter(code, name, type, description, is_active, is_mandatory, is_virtual) VALUES ('featureX','featureX','Real','Tọa độ X của thửa đất ở điểm gần với tuyến đường nhất.',true,true,true);
INSERT INTO preparation.tech_parameter(code, name, type, description, is_active, is_mandatory, is_virtual) VALUES ('featureY','featureY','Real','Tọa độ Y của thửa đất ở điểm gần với tuyến đường nhất.',true,true,true);
INSERT INTO preparation.tech_parameter(code, name, type, description, is_active, is_mandatory, is_virtual) VALUES ('nearX','nearX','Real','Tọa độ X của tuyến đường ở điểm gần với thửa đất nhất.',true,true,true);
INSERT INTO preparation.tech_parameter(code, name, type, description, is_active, is_mandatory, is_virtual) VALUES ('nearY','nearY','Real','Tọa độ Y của tuyến đường ở điểm gần với thửa đất nhất.',true,true,true);
INSERT INTO preparation.tech_parameter(code, name, type, description, is_active, is_mandatory, is_virtual) VALUES ('ori_rad','ori_rad','Real','Hướng của thửa đất.',true,true,false);
INSERT INTO preparation.tech_parameter(code, name, type, description, is_active, is_mandatory, is_virtual) VALUES ('elemean','Elemean','Real','Cao độ của thửa đất. As Hướng Đông: Value = 0 tính ngược chiều kim đồng hồ là + cùng chiều kim đồng hồ là -, đơn vị radian',true,true,false);
INSERT INTO preparation.tech_parameter(code, name, type, description, is_active, is_mandatory, is_virtual) VALUES ('roadEle','RoadEle','Real','Cao độ của đường gần nhất.',true,true,false);
INSERT INTO preparation.tech_parameter(code, name, type, description, is_active, is_mandatory, is_virtual) VALUES ('eleDiff', 'EleDiff','Real','Cao độ của thửa đất so với cao độ của đường gần nhất.',true,true,false);
INSERT INTO preparation.tech_parameter(code, name, type, description, is_active, is_mandatory, is_virtual) VALUES ('cenX', 'cenX','Real','Tọa độ X của tâm thửa đất.',true,true,true);
INSERT INTO preparation.tech_parameter(code, name, type, description, is_active, is_mandatory, is_virtual) VALUES ('cenY', 'cenY','Real','Tọa độ Y của tâm thửa đất.',true,true,true);
INSERT INTO preparation.tech_parameter(code, name, type, description, is_active, is_mandatory, is_virtual) VALUES ('dst_railro', 'dst_railro','Real','Khoảng cách đến đường sắt.',true,true,false);
INSERT INTO preparation.tech_parameter(code, name, type, description, is_active, is_mandatory, is_virtual) VALUES ('dst_statio', 'dst_statio','Real','Khoảng cách đến ga tàu Viêng Chăn.',true,true,false);
INSERT INTO preparation.tech_parameter(code, name, type, description, is_active, is_mandatory, is_virtual) VALUES ('adjRdCls', 'adjRdCls','Integer','Phân cấp của đường tiếp giáp. As 100: đường trục chính, 200: đường trục phụ, 300: đường làng, 400: đường khác.',true,true,false);
INSERT INTO preparation.tech_parameter(code, name, type, description, is_active, is_mandatory, is_virtual) VALUES ('objIDInt', 'objIDInt','Integer','ID đơn giản để phân tích không gian.',true,true,true);
INSERT INTO preparation.tech_parameter(code, name, type, description, is_active, is_mandatory, is_virtual) VALUES ('schdst1', 'schdst1','Real','Khoảng cách từ thửa đất đến trường học gần nhấ.',true,true,false);
INSERT INTO preparation.tech_parameter(code, name, type, description, is_active, is_mandatory, is_virtual) VALUES ('schname1', 'schname1','String','Tên trường học gần nhất với thửa đất.',true,true,true);
INSERT INTO preparation.tech_parameter(code, name, type, description, is_active, is_mandatory, is_virtual) VALUES ('schdst2', 'schdst2','Real','Khoảng cách từ thửa đất đến trường học gần thứ hai.',true,true,false);
INSERT INTO preparation.tech_parameter(code, name, type, description, is_active, is_mandatory, is_virtual) VALUES ('schname2', 'schname2','String','Tên trường học gần thứ hai tính từ thửa đất.',true,true,true);
INSERT INTO preparation.tech_parameter(code, name, type, description, is_active, is_mandatory, is_virtual) VALUES ('schdst3', 'schdst3','Real','Khoảng cách từ thửa đất đến trường học gần thứ ba.',true,true,false);
INSERT INTO preparation.tech_parameter(code, name, type, description, is_active, is_mandatory, is_virtual) VALUES ('schname3', 'schname3','String','Tên trường học gần thứ ba tính từ thửa đất.',true,true,true);
INSERT INTO preparation.tech_parameter(code, name, type, description, is_active, is_mandatory, is_virtual) VALUES ('width_rd', 'width_rd','Real','Chiều dài (rộng) mặt tiếp giáp với đường của hình chữ nhất ngoại tiếp.',true,true,false);
INSERT INTO preparation.tech_parameter(code, name, type, description, is_active, is_mandatory, is_virtual) VALUES ('height_rd', 'height_rd','Real','Chiều sâu của hình chữ nhật ngoại tiếp.',true,true,false);
INSERT INTO preparation.tech_parameter(code, name, type, description, is_active, is_mandatory, is_virtual) VALUES ('shape', 'Shape','String','Hình dạng của thửa đất. As Values: Hình vuông, Hình chữ nhật ngang/dọc, Hình thang, Hình tam giác, Không định hình.',true,true,false);
INSERT INTO preparation.tech_parameter(code, name, type, description, is_active, is_mandatory, is_virtual) VALUES ('hwratio', 'Hwratio','Real','Tỷ lệ chiều rộng/chiều sâu.',true,true,false);
INSERT INTO preparation.tech_parameter(code, name, type, description, is_active, is_mandatory, is_virtual) VALUES ('eleDiff100', 'EleDiff100','Real','Chênh lệch cao độ với đường trục lân cận.',true,true,false);
INSERT INTO preparation.tech_parameter(code, name, type, description, is_active, is_mandatory, is_virtual) VALUES ('rdDstStn', 'RdDstStn','Real','Chiều dài quãng đường đến ga Viêng Chăn.',true,true,false);
INSERT INTO preparation.tech_parameter(code, name, type, description, is_active, is_mandatory, is_virtual) VALUES ('stID', 'StID','String','ID đơn giản để phân tích không gian.',true,true,false);
INSERT INTO preparation.tech_parameter(code, name, type, description, is_active, is_mandatory, is_virtual) VALUES ('ds100_1', 'ds100_1','Real','Khoảng cách đến đường trục chính gần thửa đất nhấ.',true,true,false);
INSERT INTO preparation.tech_parameter(code, name, type, description, is_active, is_mandatory, is_virtual) VALUES ('ds100_2', 'ds100_2','Real','Khoảng cách đến đường trục chính gần thứ hai tính từ thửa đất.',true,true,false);
INSERT INTO preparation.tech_parameter(code, name, type, description, is_active, is_mandatory, is_virtual) VALUES ('ds100_3', 'ds100_3','Real','Khoảng cách đến đường trục chính gần thứ ba tính từ thửa đất.',true,true,false);
INSERT INTO preparation.tech_parameter(code, name, type, description, is_active, is_mandatory, is_virtual) VALUES ('ds200_1', 'ds200_1','Real','Khoảng cách đến đường trục phụ gần nhất tính từ thửa đất.',true,true,false);
INSERT INTO preparation.tech_parameter(code, name, type, description, is_active, is_mandatory, is_virtual) VALUES ('ds200_2', 'ds200_2','Real','Khoảng cách đến đường trục phụ gần thứ hai tính từ thửa đất.',true,true,false);
INSERT INTO preparation.tech_parameter(code, name, type, description, is_active, is_mandatory, is_virtual) VALUES ('ds200_3','ds200_3','Real','Khoảng cách đến đường trục phụ gần thứ ba tính từ thửa đất.',true,true,false);
INSERT INTO preparation.tech_parameter(code, name, type, description, is_active, is_mandatory, is_virtual) VALUES ('ds300_1', 'ds300_1','Real','Khoảng cách đến đường làng gần nhất tính từ thửa đất.',true,true,false);
INSERT INTO preparation.tech_parameter(code, name, type, description, is_active, is_mandatory, is_virtual) VALUES ('ds300_2', 'ds300_2','Real','Khoảng cách đến đường làng gần thứ hai tính từ thửa đất.',true,true,false);
INSERT INTO preparation.tech_parameter(code, name, type, description, is_active, is_mandatory, is_virtual) VALUES ('ds300_3', 'ds300_3','Real','Khoảng cách đến đường làng gần thứ ba tính từ thửa đất.',true,true,false);
INSERT INTO preparation.tech_parameter(code, name, type, description, is_active, is_mandatory, is_virtual) VALUES ('ds400_1', 'ds400_1','Real','Khoảng cách đến đường khác gần nhất tính từ thửa đất.',true,true,false);
INSERT INTO preparation.tech_parameter(code, name, type, description, is_active, is_mandatory, is_virtual) VALUES ('ds400_2', 'ds400_2','Real','Khoảng cách đến đường khác gần thứ hai tính từ thửa đất.',true,true,false);


-- Categoty: Generic Valuation Land
INSERT INTO preparation.types_parameters_links(type_code, parameter_code) VALUES ('genericLand','rec_Area');
INSERT INTO preparation.types_parameters_links(type_code, parameter_code) VALUES ('genericLand','con_Area');
INSERT INTO preparation.types_parameters_links(type_code, parameter_code) VALUES ('genericLand','eff_Ratio');
INSERT INTO preparation.types_parameters_links(type_code, parameter_code) VALUES ('genericLand','con_Ratio');
INSERT INTO preparation.types_parameters_links(type_code, parameter_code) VALUES ('genericLand','cnt_bld_co');
INSERT INTO preparation.types_parameters_links(type_code, parameter_code) VALUES ('genericLand','area_bld_c');
INSERT INTO preparation.types_parameters_links(type_code, parameter_code) VALUES ('genericLand','rd100_Pave');
INSERT INTO preparation.types_parameters_links(type_code, parameter_code) VALUES ('genericLand','rd100_Ele');
INSERT INTO preparation.types_parameters_links(type_code, parameter_code) VALUES ('genericLand','rd100_dst');
INSERT INTO preparation.types_parameters_links(type_code, parameter_code) VALUES ('genericLand','feat100X');
INSERT INTO preparation.types_parameters_links(type_code, parameter_code) VALUES ('genericLand','feat100Y');
INSERT INTO preparation.types_parameters_links(type_code, parameter_code) VALUES ('genericLand','near100X');
INSERT INTO preparation.types_parameters_links(type_code, parameter_code) VALUES ('genericLand','near100Y');
INSERT INTO preparation.types_parameters_links(type_code, parameter_code) VALUES ('genericLand','rd200_Pave');
INSERT INTO preparation.types_parameters_links(type_code, parameter_code) VALUES ('genericLand','rd200_Ele');
INSERT INTO preparation.types_parameters_links(type_code, parameter_code) VALUES ('genericLand','rd200_dst');
INSERT INTO preparation.types_parameters_links(type_code, parameter_code) VALUES ('genericLand','feat200X');
INSERT INTO preparation.types_parameters_links(type_code, parameter_code) VALUES ('genericLand','feat200Y');
INSERT INTO preparation.types_parameters_links(type_code, parameter_code) VALUES ('genericLand','near200X');
INSERT INTO preparation.types_parameters_links(type_code, parameter_code) VALUES ('genericLand','near200Y');
INSERT INTO preparation.types_parameters_links(type_code, parameter_code) VALUES ('genericLand','rd300_Pave');
INSERT INTO preparation.types_parameters_links(type_code, parameter_code) VALUES ('genericLand','rd300_Ele');
INSERT INTO preparation.types_parameters_links(type_code, parameter_code) VALUES ('genericLand','rd300_dst');
INSERT INTO preparation.types_parameters_links(type_code, parameter_code) VALUES ('genericLand','feat300X');
INSERT INTO preparation.types_parameters_links(type_code, parameter_code) VALUES ('genericLand','feat300Y');
INSERT INTO preparation.types_parameters_links(type_code, parameter_code) VALUES ('genericLand','near300X');
INSERT INTO preparation.types_parameters_links(type_code, parameter_code) VALUES ('genericLand','near300Y');
INSERT INTO preparation.types_parameters_links(type_code, parameter_code) VALUES ('genericLand','rd400_Pave');
INSERT INTO preparation.types_parameters_links(type_code, parameter_code) VALUES ('genericLand','rd400_Ele');
INSERT INTO preparation.types_parameters_links(type_code, parameter_code) VALUES ('genericLand','rd400_dst');
INSERT INTO preparation.types_parameters_links(type_code, parameter_code) VALUES ('genericLand','feat400X');
INSERT INTO preparation.types_parameters_links(type_code, parameter_code) VALUES ('genericLand','feat400Y');
INSERT INTO preparation.types_parameters_links(type_code, parameter_code) VALUES ('genericLand','near400X');
INSERT INTO preparation.types_parameters_links(type_code, parameter_code) VALUES ('genericLand','near400Y');
INSERT INTO preparation.types_parameters_links(type_code, parameter_code) VALUES ('genericLand','obj_ID');
INSERT INTO preparation.types_parameters_links(type_code, parameter_code) VALUES ('genericLand','roadDst');
INSERT INTO preparation.types_parameters_links(type_code, parameter_code) VALUES ('genericLand','roadCls');
INSERT INTO preparation.types_parameters_links(type_code, parameter_code) VALUES ('genericLand','pave');
INSERT INTO preparation.types_parameters_links(type_code, parameter_code) VALUES ('genericLand','featureX');
INSERT INTO preparation.types_parameters_links(type_code, parameter_code) VALUES ('genericLand','featureY');
INSERT INTO preparation.types_parameters_links(type_code, parameter_code) VALUES ('genericLand','nearX');
INSERT INTO preparation.types_parameters_links(type_code, parameter_code) VALUES ('genericLand','nearY');
INSERT INTO preparation.types_parameters_links(type_code, parameter_code) VALUES ('genericLand','ori_rad');
INSERT INTO preparation.types_parameters_links(type_code, parameter_code) VALUES ('genericLand','elemean');
INSERT INTO preparation.types_parameters_links(type_code, parameter_code) VALUES ('genericLand','roadEle');
INSERT INTO preparation.types_parameters_links(type_code, parameter_code) VALUES ('genericLand','eleDiff');
INSERT INTO preparation.types_parameters_links(type_code, parameter_code) VALUES ('genericLand','cenX');
INSERT INTO preparation.types_parameters_links(type_code, parameter_code) VALUES ('genericLand','cenY');
INSERT INTO preparation.types_parameters_links(type_code, parameter_code) VALUES ('genericLand','dst_railro');
INSERT INTO preparation.types_parameters_links(type_code, parameter_code) VALUES ('genericLand','dst_statio');
INSERT INTO preparation.types_parameters_links(type_code, parameter_code) VALUES ('genericLand','adjRdCls');
INSERT INTO preparation.types_parameters_links(type_code, parameter_code) VALUES ('genericLand','objIDInt');
INSERT INTO preparation.types_parameters_links(type_code, parameter_code) VALUES ('genericLand','schdst1');
INSERT INTO preparation.types_parameters_links(type_code, parameter_code) VALUES ('genericLand','schname1');
INSERT INTO preparation.types_parameters_links(type_code, parameter_code) VALUES ('genericLand','schdst2');
INSERT INTO preparation.types_parameters_links(type_code, parameter_code) VALUES ('genericLand','schname2');
INSERT INTO preparation.types_parameters_links(type_code, parameter_code) VALUES ('genericLand','schdst3');
INSERT INTO preparation.types_parameters_links(type_code, parameter_code) VALUES ('genericLand','schname3');
INSERT INTO preparation.types_parameters_links(type_code, parameter_code) VALUES ('genericLand','width_rd');
INSERT INTO preparation.types_parameters_links(type_code, parameter_code) VALUES ('genericLand','height_rd');
INSERT INTO preparation.types_parameters_links(type_code, parameter_code) VALUES ('genericLand','shape');
INSERT INTO preparation.types_parameters_links(type_code, parameter_code) VALUES ('genericLand','hwratio');
INSERT INTO preparation.types_parameters_links(type_code, parameter_code) VALUES ('genericLand','eleDiff100');
INSERT INTO preparation.types_parameters_links(type_code, parameter_code) VALUES ('genericLand','rdDstStn');
INSERT INTO preparation.types_parameters_links(type_code, parameter_code) VALUES ('genericLand','stID');
INSERT INTO preparation.types_parameters_links(type_code, parameter_code) VALUES ('genericLand','ds100_1');
INSERT INTO preparation.types_parameters_links(type_code, parameter_code) VALUES ('genericLand','ds100_2');
INSERT INTO preparation.types_parameters_links(type_code, parameter_code) VALUES ('genericLand','ds100_3');
INSERT INTO preparation.types_parameters_links(type_code, parameter_code) VALUES ('genericLand','ds200_1');
INSERT INTO preparation.types_parameters_links(type_code, parameter_code) VALUES ('genericLand','ds200_2');
INSERT INTO preparation.types_parameters_links(type_code, parameter_code) VALUES ('genericLand','ds200_3');
INSERT INTO preparation.types_parameters_links(type_code, parameter_code) VALUES ('genericLand','ds300_1');
INSERT INTO preparation.types_parameters_links(type_code, parameter_code) VALUES ('genericLand','ds300_2');
INSERT INTO preparation.types_parameters_links(type_code, parameter_code) VALUES ('genericLand','ds300_3');
INSERT INTO preparation.types_parameters_links(type_code, parameter_code) VALUES ('genericLand','ds400_1');
INSERT INTO preparation.types_parameters_links(type_code, parameter_code) VALUES ('genericLand','ds400_2');


-- Table: preparation.parameter_setting
INSERT INTO preparation.parameter_setting(code, key, value) VALUES ('ori_rad','Min value','0');
INSERT INTO preparation.parameter_setting(code, key, value) VALUES ('ori_rad','Max value','6.28319'); -- 360 degree
INSERT INTO preparation.parameter_setting(code, key, value) VALUES ('ori_rad','Unit','Radian');
INSERT INTO preparation.parameter_setting(code, key, value) VALUES ('ori_rad','X Axis','East');
INSERT INTO preparation.parameter_setting(code, key, value) VALUES ('ori_rad','Y Axis','North');
INSERT INTO preparation.parameter_setting(code, key, value) VALUES ('ori_rad','Positive Sign','Counter-clockwise');
INSERT INTO preparation.parameter_setting(code, key, value) VALUES ('ori_rad','Negative Sign','Clockwise');
